{
  "accuracy": [
    [
      1,
      0.8583333333333333
    ],
    [
      2,
      0.8666666666666667
    ],
    [
      3,
      0.8583333333333333
    ]
  ],
  "training_loss": [
    [
      1,
      0.5707397517714985
    ],
    [
      2,
      0.4256491171707647
    ],
    [
      3,
      0.36818283547957736
    ]
  ],
  "distributed_loss": [
    [
      1,
      0.37805772547920546
    ],
    [
      2,
      0.3056113665923476
    ],
    [
      3,
      0.3204186559965213
    ]
  ],
  "num_rounds": 3,
  "num_clients": 2
}