{
  "accuracy": [
    [
      1,
      0.8666666666666667
    ],
    [
      2,
      0.8583333333333333
    ],
    [
      3,
      0.8666666666666667
    ]
  ],
  "training_loss": [
    [
      1,
      0.5878181728520733
    ],
    [
      2,
      0.38111265941251626
    ],
    [
      3,
      0.37557015519597
    ]
  ],
  "distributed_loss": [
    [
      1,
      0.3844706964989503
    ],
    [
      2,
      0.3405198742945989
    ],
    [
      3,
      0.32393549190213283
    ]
  ],
  "num_rounds": 3,
  "num_clients": 2
}