{
  "accuracy": [
    [
      1,
      0.875
    ],
    [
      2,
      0.8333333333333334
    ],
    [
      3,
      0.8416666666666667
    ]
  ],
  "training_loss": [
    [
      1,
      0.5724783773442235
    ],
    [
      2,
      0.4088842808317776
    ],
    [
      3,
      0.3547927343737592
    ]
  ],
  "distributed_loss": [
    [
      1,
      0.3805003636827072
    ],
    [
      2,
      0.31602377220988276
    ],
    [
      3,
      0.34694132798661786
    ]
  ],
  "num_rounds": 3,
  "num_clients": 2
}