{
  "accuracy": [
    [
      1,
      0.8583333333333333
    ],
    [
      2,
      0.8666666666666667
    ],
    [
      3,
      0.8333333333333334
    ]
  ],
  "training_loss": [
    [
      1,
      0.5593581572956009
    ],
    [
      2,
      0.3953142814041434
    ],
    [
      3,
      0.3731718707392363
    ]
  ],
  "distributed_loss": [
    [
      1,
      0.363283877260983
    ],
    [
      2,
      0.322160290243725
    ],
    [
      3,
      0.3561080149064461
    ]
  ],
  "num_rounds": 3,
  "num_clients": 2
}