{
  "accuracy": [
    [
      1,
      0.875
    ],
    [
      2,
      0.875
    ],
    [
      3,
      0.875
    ]
  ],
  "training_loss": [
    [
      1,
      0.5453370938573493
    ],
    [
      2,
      0.41006272001898764
    ],
    [
      3,
      0.37897796402890355
    ]
  ],
  "distributed_loss": [
    [
      1,
      0.3488293159753084
    ],
    [
      2,
      0.30581934147824846
    ],
    [
      3,
      0.3134573264047503
    ]
  ],
  "num_rounds": 3,
  "num_clients": 2
}