{
  "accuracy": [
    [
      1,
      0.8666666666666667
    ],
    [
      2,
      0.8583333333333333
    ],
    [
      3,
      0.85
    ]
  ],
  "training_loss": [
    [
      1,
      0.5908104556317849
    ],
    [
      2,
      0.4045275001077907
    ],
    [
      3,
      0.4159138589644457
    ]
  ],
  "distributed_loss": [
    [
      1,
      0.36440088966240486
    ],
    [
      2,
      0.32218579910695555
    ],
    [
      3,
      0.3305051594351729
    ]
  ],
  "num_rounds": 3,
  "num_clients": 2
}