{
  "accuracy": [
    [
      1,
      0.8916666666666667
    ],
    [
      2,
      0.875
    ],
    [
      3,
      0.8666666666666667
    ]
  ],
  "training_loss": [
    [
      1,
      0.5560165382296909
    ],
    [
      2,
      0.3994573301262763
    ],
    [
      3,
      0.37678389701078524
    ]
  ],
  "distributed_loss": [
    [
      1,
      0.3463954681530595
    ],
    [
      2,
      0.3134877014905214
    ],
    [
      3,
      0.34429342864702145
    ]
  ],
  "num_rounds": 3,
  "num_clients": 2
}